date,temp_avg,temp_min,temp_max,pressure,humidity,wind_speed,precipitation
2018-08-23,14.14857142857143,6.31,19.66,1021.6190476190476,60.523809523809526,3.9047619047619047,0
2018-08-24,15.848333333333331,7.93,23.0,1019.875,63.208333333333336,2.7083333333333335,0
2018-08-25,18.332500000000007,9.91,25.66,1016.875,56.916666666666664,2.5416666666666665,0
2018-08-26,19.501666666666665,10.91,27.01,1015.75,55.625,2.375,0
2018-08-27,20.312500000000004,10.97,28.66,1015.625,53.333333333333336,2.4583333333333335,0
2018-08-28,21.003333333333334,12.0,29.0,1016.8333333333334,50.0,2.5,0
2018-08-29,22.33708333333333,14.54,29.0,1017.8333333333334,52.666666666666664,2.9583333333333335,0
2018-08-30,19.325833333333332,14.26,23.98,1019.1666666666666,56.0,2.6666666666666665,3
2018-08-31,18.193749999999998,14.66,22.96,1020.8333333333334,68.41666666666667,2.0833333333333335,9
2018-09-01,17.60208333333333,10.66,23.65,1025.375,68.16666666666667,2.2916666666666665,0
2018-09-02,18.517083333333332,11.54,24.0,1027.25,67.45833333333333,2.5,0
2018-09-03,18.291666666666668,14.72,21.61,1025.75,73.70833333333333,3.0833333333333335,2
2018-09-04,18.177916666666672,14.0,23.0,1024.4583333333333,70.5,4.291666666666667,1
2018-09-05,19.32416666666667,13.0,26.0,1023.1666666666666,67.58333333333333,4.166666666666667,0
2018-09-06,18.8325,13.03,25.0,1022.375,62.0,3.8333333333333335,0
2018-09-07,17.512083333333333,12.3,23.35,1021.6666666666666,61.291666666666664,2.5833333333333335,0
2018-09-08,17.227083333333336,9.97,24.69,1021.9166666666666,61.125,1.625,0
2018-09-09,17.236249999999995,9.28,24.04,1021.4583333333334,59.0,1.625,0
2018-09-10,15.130833333333333,12.46,18.31,1022.75,81.375,4.25,3
2018-09-11,16.487916666666667,13.0,20.38,1023.5416666666666,88.08333333333333,4.125,9
2018-09-12,17.42333333333334,14.91,19.35,1016.4583333333334,65.04166666666667,5.625,3
2018-09-13,16.959999999999997,10.97,20.66,1014.0833333333334,66.95833333333333,6.333333333333333,5
2018-09-14,13.385833333333332,7.46,20.0,1019.0833333333334,64.58333333333333,2.0,0
2018-09-15,16.382083333333338,10.92,22.65,1018.1666666666666,61.958333333333336,1.9583333333333333,1
2018-09-16,14.03458333333333,12.0,15.69,1011.0833333333334,85.29166666666667,3.3333333333333335,7
2018-09-17,11.774583333333332,6.65,17.0,1015.9166666666666,71.66666666666667,4.833333333333333,0
2018-09-18,12.999583333333332,8.28,17.66,1013.2916666666666,75.41666666666667,5.791666666666667,5
2018-09-19,14.990833333333333,6.58,23.69,1014.375,70.54166666666667,5.291666666666667,0
2018-09-20,17.425,12.99,23.0,1013.7916666666666,73.45833333333333,4.458333333333333,0
2018-09-21,17.27208333333333,9.64,24.66,1018.4166666666666,73.70833333333333,2.4583333333333335,0
2018-09-22,18.691666666666674,12.97,26.0,1014.5416666666666,70.875,3.625,0
2018-09-23,12.652916666666668,8.6,18.66,1007.4583333333334,77.0,4.916666666666667,8
2018-09-24,8.065833333333332,5.47,11.35,1006.0,93.33333333333333,4.208333333333333,11
2018-09-25,7.794999999999999,5.69,10.7,999.4166666666666,93.33333333333333,7.541666666666667,19
2018-09-26,7.13,2.69,11.69,1017.8333333333334,73.29166666666667,5.75,3
2018-09-27,8.059583333333334,5.0,13.35,1002.7083333333334,78.70833333333333,8.416666666666666,12
2018-09-28,9.178749999999999,6.0,14.35,1002.1666666666666,85.875,6.791666666666667,9
2018-09-29,5.428750000000001,2.32,8.35,1013.9583333333334,79.66666666666667,4.708333333333333,0
2018-09-30,5.235,-1.0,11.03,1020.4583333333334,71.66666666666667,5.0,0
2018-10-01,8.923333333333334,6.0,13.69,1017.8333333333334,63.0,5.125,0
2018-10-02,7.885416666666667,4.86,12.0,1012.5833333333334,76.70833333333333,3.1666666666666665,3
2018-10-03,9.014166666666666,7.58,10.31,1003.1666666666666,94.375,3.5833333333333335,15
2018-10-04,6.829583333333332,5.35,9.0,998.3333333333334,92.33333333333333,5.375,14
2018-10-05,4.093333333333334,2.0,7.0,1016.2916666666666,76.58333333333333,5.583333333333333,5
2018-10-06,9.820416666666667,4.0,13.0,1015.6666666666666,92.79166666666667,6.208333333333333,5
2018-10-07,11.59375,6.47,16.05,1011.25,76.29166666666667,5.583333333333333,1
2018-10-08,8.144166666666667,1.92,14.35,1015.2916666666666,77.66666666666667,5.333333333333333,5
2018-10-09,4.550833333333332,-0.73,9.0,1025.9166666666667,71.875,2.5416666666666665,0
2018-10-10,8.560833333333333,2.89,13.35,1021.0416666666666,72.33333333333333,5.541666666666667,0
2018-10-11,10.128749999999998,5.64,14.0,1027.75,75.125,3.7916666666666665,0
2018-10-12,8.006666666666666,0.99,15.66,1032.4166666666667,77.75,3.75,0
2018-10-13,9.885833333333334,5.99,15.66,1027.5833333333333,89.58333333333333,4.208333333333333,0
2018-10-14,12.107916666666663,7.53,18.35,1025.7916666666667,85.29166666666667,3.875,0
2018-10-15,12.005416666666667,7.29,18.35,1026.5833333333333,84.33333333333333,3.7916666666666665,0
2018-10-16,10.110416666666667,3.63,17.69,1024.9166666666667,75.04166666666667,4.041666666666667,0
2018-10-17,10.729166666666666,4.33,18.0,1024.3333333333333,74.66666666666667,2.2083333333333335,0
2018-10-18,10.495000000000001,4.3,18.35,1021.7916666666666,79.54166666666667,3.125,0
2018-10-19,11.920416666666666,7.95,17.72,1015.875,83.83333333333333,3.75,0
2018-10-20,5.8620833333333335,1.99,7.69,1019.7083333333334,83.45833333333333,3.2916666666666665,0
2018-10-21,6.187083333333333,5.31,6.98,1024.2083333333333,74.70833333333333,1.7083333333333333,0
2018-10-22,5.476249999999999,2.63,8.0,1020.9166666666666,74.58333333333333,4.583333333333333,0
2018-10-23,3.427916666666667,1.93,5.0,1003.6666666666666,92.83333333333333,3.7916666666666665,7
2018-10-24,4.2025,3.0,5.05,987.875,97.08333333333333,2.7916666666666665,22
2018-10-25,3.273333333333332,2.0,4.38,988.6666666666666,94.75,3.9166666666666665,9
2018-10-26,1.4712499999999997,0.0,3.35,998.0,81.75,4.25,5
2018-10-27,2.580833333333333,0.66,4.66,1007.75,86.16666666666667,4.5,9
2018-10-28,5.104166666666667,1.38,6.66,1007.1666666666666,93.45833333333333,5.333333333333333,12
2018-10-29,0.530416666666667,-2.0,3.38,1029.7083333333333,84.04166666666667,5.833333333333333,3
2018-10-30,-0.8108333333333334,-2.0,1.31,1037.9583333333333,72.83333333333333,6.416666666666667,3
2018-10-31,-0.35749999999999993,-2.0,1.31,1036.875,80.20833333333333,5.083333333333333,0
2018-11-01,2.880833333333333,1.0,4.35,1036.5416666666667,97.66666666666667,4.083333333333333,2
2018-11-02,5.605833333333333,4.0,7.69,1032.9583333333333,92.70833333333333,3.375,0
2018-11-03,7.586249999999999,6.46,8.35,1026.5,94.54166666666667,4.875,9
2018-11-04,6.629166666666666,1.62,8.35,1024.25,90.75,4.666666666666667,6
2018-11-05,1.718333333333333,-1.7,7.0,1030.875,87.5,2.125,0
2018-11-06,1.4704166666666667,-1.53,6.72,1028.7083333333333,95.625,2.5833333333333335,0
2018-11-07,1.0420833333333335,-1.31,4.23,1024.7083333333333,95.16666666666667,3.2916666666666665,0
2018-11-08,2.3804166666666666,2.0,3.0,1022.7916666666666,98.83333333333333,2.4583333333333335,0
2018-11-09,1.9745833333333334,1.46,3.0,1023.875,98.20833333333333,3.0833333333333335,3
2018-11-10,1.5554166666666667,1.0,2.0,1027.5833333333333,95.5,4.625,5
2018-11-11,-2.4774999999999996,-5.69,1.0,1040.3333333333333,68.95833333333333,6.125,6
2018-11-12,-5.492916666666667,-8.03,-2.0,1043.5416666666667,64.91666666666667,4.666666666666667,0
2018-11-13,-4.948333333333333,-8.38,-1.0,1038.25,51.541666666666664,5.583333333333333,0
2018-11-14,-1.8570833333333334,-4.09,0.35,1027.0833333333333,62.5,5.583333333333333,2
2018-11-15,0.013750000000000021,-2.4,2.7,1033.2916666666667,65.70833333333333,2.75,7
2018-11-16,-2.7325,-6.75,2.0,1042.75,59.916666666666664,2.1666666666666665,0
2018-11-17,-1.3883333333333334,-4.54,2.07,1034.25,75.0,4.75,4
2018-11-18,0.4583333333333333,-1.0,2.16,1018.0416666666666,95.54166666666667,3.7916666666666665,14
2018-11-19,0.19000000000000009,-0.97,2.01,1021.5833333333334,91.91666666666667,3.25,0
2018-11-20,-3.592916666666667,-4.65,-0.97,1027.7083333333333,92.875,3.8333333333333335,6
2018-11-21,-1.8345833333333335,-3.69,0.0,1021.8333333333334,84.29166666666667,4.958333333333333,7
2018-11-22,-1.6429166666666666,-3.0,0.0,1013.2916666666666,83.83333333333333,7.583333333333333,6
2018-11-23,-2.3020833333333335,-4.66,0.0,1019.0833333333334,71.29166666666667,5.291666666666667,2
2018-11-24,-1.5725,-3.0,-1.0,1013.0,80.33333333333333,7.416666666666667,9
2018-11-25,-2.775833333333333,-4.0,-1.0,1011.625,87.45833333333333,4.625,13
2018-11-26,-3.6879166666666667,-6.96,-2.0,1007.25,82.29166666666667,3.8333333333333335,18
2018-11-27,-4.480833333333333,-5.47,-3.3,1009.875,85.70833333333333,3.6666666666666665,17
2018-11-28,-6.650416666666666,-11.35,-4.31,1021.7916666666666,90.54166666666667,3.9166666666666665,15
2018-11-29,-10.410416666666666,-12.72,-7.0,1036.625,85.95833333333333,4.208333333333333,2
2018-11-30,-12.306666666666667,-16.06,-7.65,1040.5416666666667,75.79166666666667,3.9166666666666665,0
2018-12-01,-12.315833333333332,-15.67,-9.35,1036.0,79.0,3.5,0
2018-12-02,-6.047916666666668,-9.0,-4.62,1021.2083333333334,81.25,4.666666666666667,21
2018-12-03,-5.342500000000001,-6.69,-4.34,1017.5416666666666,82.20833333333333,4.25,16
2018-12-04,-4.335416666666666,-6.7,-1.0,1017.1666666666666,81.04166666666667,4.916666666666667,5
2018-12-05,-0.39833333333333326,-1.69,0.66,1017.5416666666666,93.29166666666667,4.5,8
2018-12-06,-1.687083333333333,-2.54,-0.65,1017.5416666666666,98.75,2.0833333333333335,24
2018-12-07,-2.8699999999999997,-4.31,-1.0,1016.9583333333334,85.91666666666667,2.9166666666666665,2
2018-12-08,-4.632083333333334,-5.46,-3.69,1013.5,87.5,3.4583333333333335,4
2018-12-09,-4.122500000000001,-5.0,-2.62,1007.5,92.20833333333333,4.083333333333333,17
2018-12-10,-0.009999999999999945,-2.46,0.66,1004.8333333333334,97.125,3.5,12
2018-12-11,0.4337500000000001,0.0,1.0,1009.75,97.08333333333333,3.0833333333333335,17
2018-12-12,0.30916666666666665,-0.31,1.0,1016.875,95.66666666666667,3.5,16
2018-12-13,-0.7270833333333334,-2.0,0.35,1020.125,95.0,5.708333333333333,22
2018-12-14,-2.147916666666667,-2.46,-2.0,1026.375,95.33333333333333,5.125,23
2018-12-15,-4.5325,-9.28,-2.31,1031.5,95.0,3.875,8
2018-12-16,-12.525833333333336,-14.66,-10.28,1036.9166666666667,90.875,2.1666666666666665,0
2018-12-17,-15.124166666666666,-17.41,-13.37,1035.7083333333333,89.70833333333333,2.0416666666666665,13
2018-12-18,-12.98958333333333,-14.34,-11.34,1035.2083333333333,88.75,2.5,24
2018-12-19,-8.810833333333335,-11.0,-7.0,1035.4583333333333,90.95833333333333,2.4583333333333335,24
2018-12-20,-10.160833333333334,-11.4,-7.54,1032.5416666666667,85.29166666666667,3.2916666666666665,24
2018-12-21,-10.17,-12.27,-7.69,1026.0833333333333,87.875,3.125,22
2018-12-22,-7.102500000000002,-8.46,-6.0,1015.4166666666666,92.04166666666667,3.9166666666666665,24
2018-12-23,-7.747916666666666,-8.31,-7.0,1010.4583333333334,91.45833333333333,5.333333333333333,24
2018-12-24,-8.521250000000002,-9.0,-8.3,1006.7083333333334,88.79166666666667,4.458333333333333,24
2018-12-25,-9.178750000000003,-10.0,-8.31,1011.4583333333334,89.08333333333333,2.4583333333333335,22
2018-12-26,-8.169583333333334,-9.04,-7.03,1002.75,88.20833333333333,2.375,23
2018-12-27,-8.463333333333336,-10.01,-7.0,1006.375,90.29166666666667,2.875,21
2018-12-28,-7.297499999999999,-9.0,-5.0,1011.0,93.04166666666667,2.5416666666666665,24
2018-12-29,-6.607083333333332,-7.88,-5.31,1017.9166666666666,89.04166666666667,2.5833333333333335,16
2018-12-30,-4.10625,-6.54,-2.0,1017.625,95.04166666666667,3.5,8
2018-12-31,-3.3562499999999997,-5.03,-2.0,1021.1666666666666,95.41666666666667,3.5833333333333335,18
2019-01-01,-4.339166666666667,-5.69,-2.34,1014.2083333333334,91.16666666666667,4.541666666666667,6
2019-01-02,-2.905,-3.0,-2.54,1003.875,92.08333333333333,5.625,24
2019-01-03,-2.7470833333333338,-4.0,-2.0,1010.7083333333334,93.66666666666667,3.8333333333333335,24
2019-01-04,-4.800416666666667,-6.0,-4.0,1011.2083333333334,95.375,2.8333333333333335,23
2019-01-05,-5.760833333333333,-6.72,-5.0,1009.75,93.83333333333333,2.5416666666666665,17
2019-01-06,-8.021250000000002,-10.31,-6.62,1017.5416666666666,88.5,3.0,24
2019-01-07,-11.176666666666668,-12.04,-10.28,1021.7083333333334,84.70833333333333,4.458333333333333,24
2019-01-08,-9.667083333333332,-11.0,-8.34,1012.0416666666666,86.75,5.458333333333333,23
2019-01-09,-11.097083333333332,-13.11,-8.38,1014.125,86.875,3.3333333333333335,1
2019-01-10,-9.637083333333335,-13.07,-7.34,1018.875,90.91666666666667,2.5416666666666665,23
2019-01-11,-10.295416666666666,-11.34,-9.07,1011.5,89.95833333333333,3.8333333333333335,23
2019-01-12,-10.322083333333332,-11.14,-9.69,994.2916666666666,88.20833333333333,5.208333333333333,23
2019-01-13,-6.230833333333333,-10.07,-3.0,992.7916666666666,88.375,4.416666666666667,17
2019-01-14,-2.527916666666666,-3.0,-1.69,988.625,90.08333333333333,5.25,19
2019-01-15,-1.948333333333333,-5.03,0.0,988.2916666666666,86.91666666666667,5.666666666666667,15
2019-01-16,-6.631249999999998,-8.06,-5.0,995.2083333333334,84.41666666666667,4.291666666666667,11
2019-01-17,-4.425833333333334,-7.14,-1.31,998.0,88.41666666666667,6.416666666666667,18
2019-01-18,1.0625,-1.0,2.35,995.8333333333334,87.83333333333333,6.75,12
2019-01-19,-5.1450000000000005,-8.28,1.0,1005.3333333333334,87.70833333333333,6.041666666666667,13
2019-01-20,-5.647083333333334,-9.46,-3.65,1009.0416666666666,85.29166666666667,6.583333333333333,13
2019-01-21,-7.488333333333333,-14.05,-4.69,1007.0833333333334,82.04166666666667,4.791666666666667,24
2019-01-22,-15.107499999999996,-17.7,-12.66,1014.2916666666666,82.625,4.333333333333333,8
2019-01-23,-16.15375,-20.07,-12.0,1019.4166666666666,84.95833333333333,2.875,5
2019-01-24,-14.891666666666667,-18.06,-11.7,1015.2916666666666,86.875,2.5,12
2019-01-25,-13.767916666666666,-17.39,-10.69,1023.9166666666666,86.70833333333333,2.875,4
2019-01-26,-11.752500000000003,-13.73,-9.54,1016.0833333333334,86.0,4.75,15
2019-01-27,-8.535,-9.54,-8.0,1004.7083333333334,89.20833333333333,4.208333333333333,24
2019-01-28,-8.777083333333332,-12.07,-7.0,1010.5416666666666,89.41666666666667,3.625,6
2019-01-29,-3.8879166666666674,-7.0,-1.65,1012.0416666666666,91.04166666666667,3.75,10
2019-01-30,-2.856666666666667,-4.0,-2.0,1012.9166666666666,95.0,3.625,16
2019-01-31,-0.004166666666666698,-2.46,1.35,1013.0,97.79166666666667,3.1666666666666665,10
2019-02-01,-2.855833333333333,-4.0,-1.0,1016.0416666666666,96.08333333333333,2.625,1
2019-02-02,-4.335416666666666,-5.0,-3.69,1018.875,95.5,2.625,4
2019-02-03,-1.8791666666666673,-4.0,1.0,1018.5833333333334,95.04166666666667,3.25,5
2019-02-04,1.4333333333333333,1.0,2.66,1016.2916666666666,98.45833333333333,3.7916666666666665,6
2019-02-05,-0.5008333333333335,-3.0,2.0,1024.0416666666667,84.08333333333333,4.833333333333333,4
2019-02-06,-2.182916666666667,-7.48,-1.0,1021.0833333333334,80.33333333333333,3.8333333333333335,5
2019-02-07,-2.5091666666666668,-3.69,-1.31,1017.4583333333334,88.20833333333333,3.875,3
2019-02-08,-1.3550000000000004,-4.08,2.0,1019.5833333333334,81.45833333333333,4.125,0
2019-02-09,-2.1399999999999992,-3.0,-1.0,1017.9583333333334,87.08333333333333,5.375,3
2019-02-10,-4.189166666666667,-5.34,-2.0,1014.7916666666666,84.875,4.916666666666667,8
2019-02-11,-2.2629166666666665,-4.54,-0.34,1012.9583333333334,92.625,4.25,4
2019-02-12,0.14458333333333337,-1.0,1.35,1009.0416666666666,93.79166666666667,5.458333333333333,12
2019-02-13,-0.9358333333333334,-3.34,1.0,1007.7083333333334,95.20833333333333,3.5416666666666665,22
2019-02-14,-4.199166666666667,-9.05,-1.0,1019.625,84.29166666666667,4.625,2
2019-02-15,0.30708333333333343,-2.0,2.31,1013.9583333333334,94.0,7.958333333333333,7
2019-02-16,1.8395833333333333,0.54,3.65,1010.7916666666666,84.04166666666667,5.916666666666667,0
2019-02-17,1.5158333333333334,-0.69,4.69,999.125,78.0,8.541666666666666,5
2019-02-18,-2.3874999999999997,-6.01,-0.6,1012.9583333333334,60.0,7.458333333333333,3
2019-02-19,-4.194999999999999,-11.0,2.31,1014.7916666666666,60.625,5.0,0
2019-02-20,0.5245833333333333,-2.0,2.0,999.3333333333334,84.625,6.458333333333333,9
2019-02-21,-2.689166666666667,-7.62,1.66,996.5416666666666,88.0,6.583333333333333,24
2019-02-22,-8.702500000000002,-10.0,-7.0,1013.2916666666666,70.5,7.791666666666667,19
2019-02-23,-7.984583333333333,-12.65,-4.69,1028.75,68.83333333333333,5.041666666666667,4
2019-02-24,-2.8191666666666664,-6.0,0.42,1020.7083333333334,93.70833333333333,5.083333333333333,14
2019-02-25,1.0054166666666668,0.0,2.69,1006.5,93.83333333333333,5.958333333333333,19
2019-02-26,0.987916666666667,0.0,2.0,1002.75,90.95833333333333,5.25,21
2019-02-27,-2.3683333333333327,-4.63,-0.45,1009.3333333333334,74.08333333333333,4.708333333333333,6
2019-02-28,0.10541666666666676,-2.0,2.0,987.0416666666666,82.33333333333333,5.208333333333333,10
2019-03-01,-0.3458333333333334,-4.95,1.69,986.125,90.0,4.208333333333333,21
2019-03-02,-7.600416666666667,-12.31,-4.0,1002.4583333333334,76.0,4.666666666666667,5
2019-03-03,-5.441666666666666,-9.4,-1.0,996.7083333333334,80.33333333333333,6.666666666666667,12
2019-03-04,-3.082500000000001,-7.29,1.0,993.9166666666666,91.95833333333333,2.625,18
2019-03-05,2.5895833333333336,1.0,4.35,988.0416666666666,98.0,4.791666666666667,7
2019-03-06,-2.412083333333334,-8.35,3.0,997.9583333333334,74.625,6.833333333333333,13
2019-03-07,-6.2075,-12.72,-1.0,1018.75,57.833333333333336,4.958333333333333,0
2019-03-08,-0.0012499999999997697,-3.0,2.69,1008.3333333333334,84.54166666666667,5.375,18
2019-03-09,3.1074999999999995,0.46,4.69,1002.2083333333334,69.95833333333333,7.0,1
2019-03-10,1.872916666666667,-1.0,4.7,997.75,77.79166666666667,3.9583333333333335,3
2019-03-11,1.385833333333334,0.0,3.0,992.2083333333334,94.08333333333333,3.8333333333333335,7
2019-03-12,-1.839583333333333,-4.0,0.0,1000.875,77.08333333333333,4.25,3
2019-03-13,-4.2725,-7.03,-2.0,1008.5,74.375,4.0,12
2019-03-14,-3.8070833333333343,-10.64,2.35,1014.375,74.70833333333333,3.1666666666666665,0
2019-03-15,0.6995833333333333,-1.69,4.35,1011.7916666666666,75.08333333333333,4.875,8
2019-03-16,-0.9649999999999999,-2.34,0.0,1005.9583333333334,87.5,4.833333333333333,12
2019-03-17,0.37999999999999995,-1.0,2.0,1009.4583333333334,83.45833333333333,4.041666666666667,0
2019-03-18,2.7304166666666667,0.35,5.66,1016.625,86.0,5.0,0
2019-03-19,2.9858333333333333,2.0,3.97,1017.4166666666666,92.45833333333333,4.083333333333333,8
2019-03-20,2.8312500000000003,0.97,4.69,1021.0,82.625,5.166666666666667,0
2019-03-21,0.7341666666666667,-1.0,2.31,1018.625,84.04166666666667,3.625,5
2019-03-22,1.1779166666666667,0.31,2.61,1009.3333333333334,87.91666666666667,5.5,15
2019-03-23,2.0345833333333334,0.25,4.31,1018.0416666666666,76.45833333333333,5.083333333333333,8
2019-03-24,0.5108333333333333,-1.38,2.44,1010.0416666666666,87.45833333333333,3.625,11
2019-03-25,2.1925,-1.37,6.0,1004.7083333333334,72.375,4.625,0
2019-03-26,2.6562499999999996,0.15,6.97,1003.0833333333334,62.916666666666664,4.0,2
2019-03-27,-0.32125000000000004,-3.75,2.38,1011.5833333333334,77.04166666666667,4.5,4
2019-03-28,0.38958333333333334,-2.31,3.0,1019.1666666666666,69.91666666666667,4.708333333333333,8
2019-03-29,1.1666666666666667,-0.72,2.94,1014.4583333333334,90.625,3.2083333333333335,8
2019-03-30,4.887083333333333,1.82,8.0,1009.0833333333334,85.375,5.458333333333333,0
2019-03-31,8.712916666666667,3.17,13.89,1005.5416666666666,65.54166666666667,6.0,1
2019-04-01,3.689583333333333,0.69,7.62,1012.9583333333334,80.45833333333333,5.958333333333333,8
2019-04-02,2.830833333333333,-1.78,7.6,1026.5416666666667,66.83333333333333,3.4583333333333335,0
2019-04-03,4.047083333333334,-1.35,9.57,1026.6666666666667,58.208333333333336,3.0,0
2019-04-04,5.099166666666666,-0.28,10.33,1023.2916666666666,51.666666666666664,3.5,0
2019-04-05,4.7375,0.83,9.24,1020.6666666666666,54.375,3.9166666666666665,0
2019-04-06,4.480833333333335,2.19,8.18,1024.75,71.95833333333333,3.75,2
2019-04-07,4.3950000000000005,-1.37,9.04,1020.625,65.75,2.3333333333333335,0
2019-04-08,6.364166666666667,1.97,10.73,1015.2083333333334,68.79166666666667,4.166666666666667,8
2019-04-09,12.287500000000001,8.15,18.34,1009.875,65.25,3.6666666666666665,9
2019-04-10,9.95708333333333,5.45,13.47,1010.9166666666666,92.20833333333333,2.9166666666666665,9
2019-04-11,6.504583333333334,0.89,11.51,1017.3333333333334,71.625,2.3333333333333335,0
2019-04-12,4.464583333333333,3.17,6.97,1020.5833333333334,62.791666666666664,5.583333333333333,12
2019-04-13,3.7258333333333336,0.43,6.82,1021.875,55.333333333333336,5.333333333333333,13
2019-04-14,2.3679166666666664,0.66,4.19,1023.9583333333334,66.875,5.916666666666667,16
2019-04-15,5.445833333333334,0.3,12.0,1025.8333333333333,52.541666666666664,5.166666666666667,6
2019-04-16,7.815833333333334,1.5,13.26,1026.3333333333333,49.791666666666664,4.458333333333333,1
2019-04-17,6.82,2.76,10.38,1031.4583333333333,46.125,4.125,0
2019-04-18,7.489583333333335,1.53,11.54,1027.7083333333333,46.041666666666664,2.7083333333333335,0
2019-04-19,7.649166666666669,2.47,12.4,1029.3333333333333,49.083333333333336,3.0,0
2019-04-20,8.542499999999999,2.46,13.02,1024.375,58.583333333333336,2.5833333333333335,0
2019-04-21,11.496250000000002,7.02,16.53,1026.0,54.916666666666664,2.6666666666666665,0
2019-04-22,12.890416666666665,4.97,18.66,1027.75,45.666666666666664,2.2083333333333335,0
2019-04-23,13.528333333333334,7.17,18.53,1026.9166666666667,48.458333333333336,4.375,0
2019-04-24,16.0,8.48,22.48,1026.625,41.333333333333336,3.5,0
2019-04-25,17.673750000000002,10.41,23.81,1023.375,42.625,3.0833333333333335,0
2019-04-26,18.21083333333333,13.02,22.82,1019.8333333333334,39.416666666666664,2.5833333333333335,0
2019-04-27,18.4425,13.43,23.84,1010.75,36.25,3.4166666666666665,0
2019-04-28,10.671666666666667,6.1,15.86,1012.5,49.541666666666664,6.708333333333333,3
2019-04-29,6.422083333333332,1.08,11.01,1021.2916666666666,43.708333333333336,3.375,0
2019-04-30,8.070416666666667,1.96,12.82,1018.8333333333334,35.791666666666664,2.6666666666666665,0
2019-05-01,10.247083333333332,3.04,16.47,1012.4166666666666,36.916666666666664,3.3333333333333335,0
2019-05-02,8.352916666666667,5.71,11.09,996.8333333333334,76.41666666666667,3.9583333333333335,8
2019-05-03,11.630833333333333,8.59,15.69,996.0416666666666,63.75,7.208333333333333,2
2019-05-04,10.317916666666665,6.13,14.69,1007.7916666666666,54.833333333333336,3.5,0
2019-05-05,13.580000000000004,6.12,21.82,1012.6666666666666,64.625,3.625,2
2019-05-06,17.691250000000004,11.17,23.78,1011.9166666666666,55.791666666666664,3.4166666666666665,0
2019-05-07,18.96166666666667,10.73,24.92,1007.4166666666666,47.125,3.1666666666666665,0
2019-05-08,17.204166666666666,12.56,23.19,1009.125,70.75,3.5416666666666665,8
2019-05-09,14.797916666666671,10.76,22.02,1013.6666666666666,94.41666666666667,4.125,8
2019-05-10,19.270416666666666,15.81,24.02,1013.5833333333334,76.79166666666667,3.7916666666666665,7
2019-05-11,18.53583333333334,16.23,20.69,1010.1666666666666,61.25,5.833333333333333,1
2019-05-12,17.267916666666665,10.45,22.04,1022.5416666666666,64.41666666666667,2.2083333333333335,0
2019-05-13,17.360833333333332,14.82,20.55,1022.9166666666666,73.04166666666667,4.125,6
2019-05-14,16.595833333333335,13.95,19.5,1018.8333333333334,80.66666666666667,4.291666666666667,5
2019-05-15,16.800833333333326,13.76,20.86,1018.2916666666666,76.875,3.9583333333333335,10
2019-05-16,13.635833333333332,9.3,18.09,1022.5416666666666,59.333333333333336,4.958333333333333,4
2019-05-17,13.886249999999999,7.28,19.24,1024.125,46.166666666666664,2.875,0
2019-05-18,15.655000000000001,9.41,20.76,1018.6666666666666,49.375,3.4166666666666665,0
2019-05-19,16.04625,10.46,20.85,1017.75,50.333333333333336,4.666666666666667,0
2019-05-20,16.289583333333333,9.64,22.29,1020.75,47.083333333333336,2.4583333333333335,0
2019-05-21,17.844166666666663,10.41,24.58,1018.2916666666666,54.541666666666664,3.4166666666666665,1
2019-05-22,20.38458333333333,15.12,24.98,1010.4166666666666,46.458333333333336,3.5,1
2019-05-23,18.185,14.49,23.97,1005.0833333333334,71.66666666666667,3.4583333333333335,3
2019-05-24,13.149166666666666,9.98,16.84,1012.1666666666666,70.625,4.208333333333333,0
2019-05-25,15.809583333333334,11.71,20.17,1009.6666666666666,63.083333333333336,3.9166666666666665,1
2019-05-26,18.126250000000002,14.66,21.96,1004.4166666666666,73.58333333333333,3.4166666666666665,5
2019-05-27,16.846666666666668,12.49,20.54,1007.7083333333334,59.708333333333336,6.416666666666667,0
2019-05-28,21.559583333333336,14.86,27.67,1013.5,57.833333333333336,4.416666666666667,0
2019-05-29,23.97041666666667,17.78,28.68,1015.625,51.25,5.0,0
2019-05-30,21.792083333333338,17.7,27.29,1017.0833333333334,66.66666666666667,4.458333333333333,8
2019-05-31,19.095416666666665,15.96,22.7,1017.6666666666666,83.625,3.5,1
2019-06-01,18.522500000000004,14.3,21.52,1016.4166666666666,64.83333333333333,3.6666666666666665,0
2019-06-02,19.373333333333335,12.15,24.76,1015.5416666666666,63.916666666666664,4.083333333333333,2
2019-06-03,17.794583333333332,14.74,19.88,1016.9166666666666,61.208333333333336,4.416666666666667,0
2019-06-04,17.431250000000002,10.12,22.8,1023.875,48.666666666666664,2.0833333333333335,0
2019-06-05,20.332916666666666,13.02,26.3,1023.7083333333334,44.333333333333336,2.8333333333333335,0
2019-06-06,22.542500000000004,15.58,28.36,1023.25,48.541666666666664,2.25,0
2019-06-07,24.618749999999995,17.03,30.52,1023.2083333333334,45.833333333333336,1.75,0
2019-06-08,25.129583333333333,18.93,30.36,1023.375,51.791666666666664,2.5833333333333335,0
2019-06-09,25.425,19.56,30.35,1022.6666666666666,53.333333333333336,3.1666666666666665,1
2019-06-10,23.413750000000004,18.6,26.9,1021.8333333333334,66.04166666666667,3.4583333333333335,0
2019-06-11,23.61458333333333,17.74,28.39,1021.7916666666666,53.125,2.8333333333333335,0
2019-06-12,20.526666666666667,16.76,25.15,1019.75,60.0,3.2083333333333335,0
2019-06-13,15.591250000000002,10.9,20.13,1025.8333333333333,48.5,4.75,0
2019-06-14,17.06166666666667,11.85,22.49,1018.7083333333334,72.125,3.625,8
2019-06-15,17.169999999999998,14.15,20.64,1014.6666666666666,82.41666666666667,2.9166666666666665,0
2019-06-16,18.049583333333334,14.92,22.42,1014.1666666666666,75.625,2.7916666666666665,3
2019-06-17,20.652916666666666,14.23,25.96,1014.125,62.333333333333336,3.9166666666666665,0
2019-06-18,22.396666666666672,18.61,26.24,1012.7916666666666,62.208333333333336,4.166666666666667,0
2019-06-19,22.80333333333333,16.95,27.61,1015.75,48.958333333333336,3.625,0
2019-06-20,24.13,17.84,29.8,1016.8333333333334,46.125,2.25,0
2019-06-21,24.75125,18.01,30.15,1016.875,50.125,3.375,0
2019-06-22,25.39125,20.46,30.69,1015.5416666666666,54.708333333333336,5.25,0
2019-06-23,21.951666666666668,18.54,25.63,1019.7916666666666,62.166666666666664,3.8333333333333335,1
2019-06-24,21.08375,16.55,25.03,1022.3333333333334,47.5,3.8333333333333335,0
2019-06-25,19.427083333333336,14.49,23.87,1026.5416666666667,48.541666666666664,3.8333333333333335,0
2019-06-26,17.477083333333336,14.37,22.61,1022.2916666666666,70.5,2.4583333333333335,10
2019-06-27,14.45125,13.43,15.78,1006.4166666666666,95.375,5.125,13
2019-06-28,13.015416666666667,10.49,14.7,991.4166666666666,97.95833333333333,5.833333333333333,19
2019-06-29,10.587499999999999,9.18,12.24,998.375,88.95833333333333,7.125,22
2019-06-30,14.857916666666668,9.48,19.35,1005.8333333333334,75.625,4.625,4
2019-07-01,19.700416666666666,11.92,26.52,1004.5833333333334,71.95833333333333,3.875,2
2019-07-02,19.4875,16.4,23.08,1002.0416666666666,72.54166666666667,5.416666666666667,3
2019-07-03,16.102500000000003,12.62,19.25,1003.4166666666666,77.70833333333333,6.458333333333333,4
2019-07-04,13.881666666666666,10.18,17.4,1006.2916666666666,68.29166666666667,8.333333333333334,0
2019-07-05,15.084166666666667,10.03,19.77,1006.7916666666666,66.70833333333333,5.875,2
2019-07-06,14.354166666666666,11.76,18.33,999.875,72.70833333333333,4.583333333333333,7
2019-07-07,14.400416666666665,10.41,20.01,1000.875,76.33333333333333,4.541666666666667,6
2019-07-08,17.472916666666666,13.63,21.69,1001.4166666666666,71.83333333333333,3.375,1
2019-07-09,16.640416666666667,11.04,21.76,1000.4583333333334,66.91666666666667,3.0,2
2019-07-10,14.511666666666665,11.47,19.53,998.0833333333334,84.29166666666667,4.708333333333333,7
2019-07-11,14.517083333333332,12.68,17.39,1001.0833333333334,85.04166666666667,3.75,13
2019-07-12,12.458333333333334,10.54,13.69,1006.375,88.375,3.0833333333333335,10
2019-07-13,14.345833333333331,11.0,17.65,1008.75,71.625,2.125,4
2019-07-14,15.36458333333333,11.31,19.35,1010.6666666666666,66.29166666666667,2.2916666666666665,1
2019-07-15,16.194166666666668,11.33,20.02,1010.875,68.5,2.0833333333333335,1
2019-07-16,16.607499999999998,13.27,21.13,1010.3333333333334,82.29166666666667,2.625,8
2019-07-17,16.512500000000006,14.23,19.41,1007.5416666666666,89.79166666666667,2.875,17
2019-07-18,17.921250000000004,14.63,21.59,1003.875,75.41666666666667,3.75,4
2019-07-19,16.171249999999997,13.05,20.45,1004.9166666666666,88.41666666666667,3.0416666666666665,15
2019-07-20,17.287083333333335,14.41,20.65,1009.875,88.08333333333333,4.875,6
2019-07-21,18.942500000000003,15.57,23.42,1015.4166666666666,80.5,4.208333333333333,0
2019-07-22,20.385416666666668,14.72,25.24,1015.7916666666666,71.75,2.125,3
2019-07-23,18.42708333333333,17.08,20.04,1011.4583333333334,92.375,3.75,7
2019-07-24,18.23416666666667,15.35,21.51,1011.0,95.04166666666667,2.5,7
2019-07-25,18.539583333333333,14.76,21.8,1013.875,91.875,3.75,5
2019-07-26,22.991249999999997,18.06,28.03,1016.7083333333334,72.625,5.208333333333333,0
2019-07-27,24.227083333333336,18.66,28.67,1013.8333333333334,65.91666666666667,3.75,1
2019-07-28,22.860833333333336,18.78,26.06,1006.9166666666666,71.20833333333333,4.958333333333333,0
2019-07-29,14.52875,10.75,17.78,1007.1666666666666,58.791666666666664,4.791666666666667,0
2019-07-30,13.082499999999998,9.72,16.26,1004.5833333333334,65.375,5.208333333333333,0
2019-07-31,11.439166666666665,8.79,14.0,1000.5833333333334,80.95833333333333,5.833333333333333,9
2019-08-01,13.125416666666666,11.04,15.82,1007.5416666666666,84.08333333333333,4.458333333333333,5
2019-08-02,13.107083333333335,11.93,15.18,1005.9166666666666,84.95833333333333,3.6666666666666665,9
2019-08-03,14.010833333333332,11.85,17.36,1003.5833333333334,82.33333333333333,3.6666666666666665,4
2019-08-04,11.892083333333334,8.93,14.71,1003.7083333333334,78.95833333333333,4.541666666666667,3
2019-08-05,10.729999999999999,7.82,14.33,1001.7083333333334,83.79166666666667,5.041666666666667,8
2019-08-06,14.162916666666668,9.51,19.9,1004.0416666666666,74.79166666666667,5.041666666666667,2
2019-08-07,16.707916666666666,11.98,21.68,1009.2916666666666,75.58333333333333,4.416666666666667,3
2019-08-08,19.88125,14.38,25.34,1007.0833333333334,75.91666666666667,3.125,2
2019-08-09,16.10375,14.84,18.84,996.5416666666666,97.20833333333333,7.916666666666667,8
2019-08-10,14.034166666666666,12.52,17.89,1005.0416666666666,89.70833333333333,6.166666666666667,13
2019-08-11,15.07,10.48,19.95,1013.7916666666666,72.91666666666667,3.7916666666666665,0
2019-08-12,16.50833333333333,9.48,21.9,1017.4583333333334,78.20833333333333,1.8333333333333333,0
2019-08-13,19.02541666666667,12.64,23.35,1014.2916666666666,75.70833333333333,3.0416666666666665,2
2019-08-14,19.725833333333334,17.35,23.35,1011.9166666666666,79.66666666666667,4.083333333333333,1
2019-08-15,18.898333333333337,16.34,23.14,1010.5,81.66666666666667,4.5,1
2019-08-16,16.34875,14.75,18.17,1014.9166666666666,77.83333333333333,4.041666666666667,7
2019-08-17,15.59875,13.99,17.08,1013.7083333333334,79.91666666666667,5.625,8
2019-08-18,17.98333333333333,14.54,22.03,1008.7083333333334,91.125,4.916666666666667,14
2019-08-19,17.807499999999994,15.57,21.5,1015.9166666666666,88.16666666666667,3.0416666666666665,2
2019-08-20,21.03833333333333,14.23,28.02,1021.3333333333334,75.91666666666667,2.875,0
2019-08-21,21.850833333333338,17.11,25.68,1024.125,84.41666666666667,2.4166666666666665,0
2019-08-22,20.1475,19.9,20.5,1021.25,90.75,3.0,0
2019-09-02,20.246666666666666,17.34,22.53,1016.0,70.22222222222223,3.2222222222222223,0
2019-09-03,19.144583333333333,14.15,23.66,1016.5833333333334,74.75,2.8333333333333335,0
2019-09-04,19.479999999999997,15.87,23.77,1014.2083333333334,64.41666666666667,3.7083333333333335,2
2019-09-05,16.432173913043474,15.07,18.08,1016.9565217391304,98.17391304347827,2.130434782608696,11
2019-09-06,17.4275,13.21,23.12,1017.7916666666666,82.54166666666667,2.3554166666666667,0
2019-09-07,17.391666666666666,12.28,22.23,1023.2083333333334,82.91666666666667,2.1437500000000003,0
2019-09-08,17.5828,12.28,23.08,1027.92,72.0,1.7668000000000001,0
2019-09-09,17.761304347826087,11.5,23.51,1028.5217391304348,70.82608695652173,1.6956521739130435,0
2019-09-10,18.148333333333333,10.98,25.0,1027.9583333333333,68.79166666666667,2.0,0
2019-09-11,19.702083333333338,13.53,26.95,1028.7083333333333,58.416666666666664,2.5,0
2019-09-12,19.262916666666666,12.43,26.64,1026.4166666666667,42.75,3.01125,0
2019-09-13,17.976399999999998,11.94,23.12,1018.68,51.56,4.36,0
2019-09-14,13.533043478260868,8.57,16.02,1012.3478260869565,63.43478260869565,6.043478260869565,7
2019-09-15,9.147083333333333,5.88,12.86,1012.75,78.25,4.791666666666667,5
2019-09-16,11.261200000000004,8.59,14.37,997.16,80.64,7.36,10
2019-09-17,9.767391304347827,7.38,12.36,995.9565217391304,80.47826086956522,7.0,6
2019-09-18,8.5164,5.86,11.74,997.36,81.72,2.76,6
2019-09-19,8.190434782608694,5.68,11.25,1006.7826086956521,82.6086956521739,4.0,3
2019-09-20,4.508000000000001,3.12,6.17,1012.0,97.2,1.511,2
2019-09-22,5.0825,3.21,6.94,1000.85,85.2,6.6,9
2019-09-23,4.779565217391304,2.34,8.18,1012.3913043478261,75.17391304347827,5.695652173913044,5
2019-09-24,3.9095999999999997,0.84,7.19,1016.4,82.68,3.28,2
2019-09-25,5.101666666666667,2.85,8.1,1017.5833333333334,82.0,3.0,8
2019-09-26,7.2541666666666655,4.06,12.26,1016.1666666666666,76.04166666666667,2.625,0
2019-09-27,7.015217391304349,1.53,11.65,1015.0869565217391,81.6086956521739,2.782608695652174,0
2019-09-28,8.581999999999999,4.6,11.22,1017.12,81.44,1.6156,0
2019-09-29,9.062083333333335,8.17,10.65,1009.3333333333334,85.0,3.125,11
2019-09-30,11.329999999999998,9.08,13.45,1000.3478260869565,95.08695652173913,4.043478260869565,10
2019-10-01,12.964347826086957,7.81,16.5,994.2608695652174,90.21739130434783,5.173913043478261,5
2019-10-02,11.286799999999998,6.11,15.53,1004.36,78.04,4.44,1
2019-10-03,15.940434782608698,11.58,21.66,1006.3913043478261,63.869565217391305,4.213478260869565,0
2019-10-04,10.9624,6.19,14.92,1004.28,77.6,4.2,6
2019-10-05,7.347391304347826,4.71,10.12,1010.2173913043479,81.30434782608695,2.5217391304347827,0
2019-10-06,2.427391304347826,0.37,6.39,1009.0,94.04347826086956,5.304347826086956,15
2019-10-07,1.6686956521739131,0.52,3.02,1007.1739130434783,84.3913043478261,5.6521739130434785,8
2019-10-08,2.2108333333333334,-0.25,6.18,1011.875,71.83333333333333,5.291666666666667,7
2019-10-09,3.3575,1.78,5.35,1009.5416666666666,89.08333333333333,4.333333333333333,13
2019-10-10,7.164583333333333,5.44,8.94,1007.2916666666666,95.125,3.5,12
2019-10-11,8.832916666666666,7.27,11.0,1007.0416666666666,92.54166666666667,4.791666666666667,6
2019-10-12,9.494166666666667,7.95,11.29,1007.625,89.08333333333333,5.625,11
2019-10-13,9.760416666666668,7.88,12.43,1007.2083333333334,84.91666666666667,6.458333333333333,3
2019-10-14,10.789999999999997,6.0,16.89,1012.52,85.92,4.24,4
2019-10-15,9.300416666666669,3.12,15.75,1017.3333333333334,78.5,4.5,2
2019-10-16,4.721818181818183,-0.17,8.19,1024.4545454545455,74.5909090909091,3.772727272727273,0
2019-10-17,12.7175,8.08,18.95,1014.3333333333334,72.95833333333333,4.375,0
2019-10-18,12.516666666666666,10.63,14.85,1015.0,85.5,3.9166666666666665,7
2019-10-19,12.3775,8.4,16.25,1019.2916666666666,80.0,2.92375,0
2019-10-20,13.65208333333333,11.03,18.24,1019.6666666666666,75.5,3.0,5
2019-10-21,12.924166666666666,8.72,16.91,1017.7083333333334,79.91666666666667,4.75,8
2019-10-22,8.024999999999999,6.91,9.2,1020.9166666666666,89.5,4.25,2
2019-10-23,11.639199999999999,9.75,13.03,1015.44,79.24,5.36,1
2019-10-24,9.54695652173913,8.57,10.65,1019.7826086956521,80.08695652173913,3.0869565217391304,1
2019-10-25,9.464166666666667,7.28,13.15,1020.75,73.125,3.375,0
2019-10-26,9.545416666666666,6.63,13.18,1012.3333333333334,79.79166666666667,6.620416666666666,0
2019-10-27,11.867499999999998,10.46,12.48,1002.4583333333334,81.25,8.041666666666666,2
2019-10-28,7.277500000000001,2.33,12.86,1003.7083333333334,65.5,7.666666666666667,2
2019-10-29,3.8258333333333336,2.17,6.48,1010.0,81.29166666666667,3.7083333333333335,5
2019-10-30,-0.5548,-2.84,2.6,1010.72,88.48,5.92,20
2019-10-31,-2.6621739130434783,-3.43,-1.78,1020.2608695652174,74.82608695652173,4.6521739130434785,12
2019-11-01,-1.0779999999999996,-2.84,1.0,1014.44,81.88,6.08,15
2019-11-02,1.8530434782608693,0.24,4.35,1015.8260869565217,88.1304347826087,4.3478260869565215,4
2019-11-03,2.3016666666666663,1.29,3.69,1009.1666666666666,90.25,6.125,4
2019-11-04,6.519166666666666,4.16,9.28,1004.625,95.91666666666667,6.0,1
2019-11-05,10.418333333333331,8.64,12.32,996.375,95.08333333333333,6.041666666666667,5
2019-11-06,9.703600000000002,8.72,10.19,997.08,90.24,5.16,11
2019-11-07,5.869583333333334,3.82,11.14,1005.3333333333334,94.45833333333333,4.125,6
2019-11-08,4.14125,3.03,5.57,1019.2083333333334,99.70833333333333,2.6666666666666665,1
2019-11-09,3.0328000000000004,2.14,4.3,1026.0,97.2,4.72,2
2019-11-10,6.886,4.04,9.31,1020.4666666666667,97.2,4.633333333333334,1
2019-11-11,7.088214285714286,5.6,9.01,1014.7857142857143,93.57142857142857,5.035714285714286,3
2019-11-12,4.833913043478261,2.6,7.86,1018.4782608695652,90.78260869565217,5.913043478260869,6
2019-11-13,3.3436000000000003,1.99,6.4,1028.32,83.2,3.6,0
2019-11-14,3.3330434782608696,0.62,8.14,1026.7826086956522,82.34782608695652,4.260869565217392,0
2019-11-15,2.20375,0.34,6.83,1028.6666666666667,80.29166666666667,4.0,0
2019-11-16,2.157083333333333,-0.01,3.25,1026.75,91.08333333333333,4.458333333333333,1
2019-11-17,4.640416666666668,3.4,5.99,1028.0416666666667,97.08333333333333,3.25,0
2019-11-18,2.9783333333333335,2.14,4.58,1028.25,99.125,2.7916666666666665,0
2019-11-19,2.092916666666667,1.08,3.43,1030.9166666666667,96.5,3.7083333333333335,0
2019-11-20,1.3880000000000001,-5.12,4.58,1039.44,82.48,5.8,1
2019-11-21,-6.755652173913044,-8.69,-4.09,1046.2173913043478,68.3913043478261,4.173913043478261,0
2019-11-22,-6.861666666666667,-9.08,-3.1,1045.0833333333333,61.166666666666664,2.5833333333333335,0
2019-11-23,-6.62875,-9.4,-2.89,1040.8333333333333,60.333333333333336,2.6666666666666665,0
2019-11-24,-5.925,-8.23,-2.21,1035.75,57.708333333333336,2.75,0
2019-11-25,-4.884583333333334,-7.37,-1.57,1030.3333333333333,61.833333333333336,3.25,0
2019-11-26,-5.0162499999999985,-9.0,-1.61,1023.3333333333334,74.79166666666667,3.0416666666666665,2
2019-11-27,-1.3654166666666665,-2.2,-0.74,1016.625,87.33333333333333,3.75,0
2019-11-28,-1.0545833333333337,-2.16,-0.19,1013.375,86.54166666666667,3.5416666666666665,8
2019-11-29,1.5883333333333332,0.0,2.92,1006.9583333333334,92.16666666666667,5.333333333333333,5
2019-11-30,1.9883333333333335,1.09,3.53,998.7916666666666,96.04166666666667,4.75,7
2019-12-01,-2.7183333333333337,-4.81,0.78,1009.2916666666666,72.95833333333333,5.291666666666667,4
2019-12-02,-4.4487499999999995,-6.36,-2.68,1012.4583333333334,87.125,5.75,5
2019-12-03,-2.7008333333333336,-3.75,-1.98,1008.4166666666666,86.16666666666667,3.8333333333333335,18
2019-12-04,-2.1516666666666664,-3.02,-1.0,1008.2916666666666,89.58333333333333,6.541666666666667,15
2019-12-05,1.5604166666666668,-1.0,2.92,1007.4583333333334,95.29166666666667,6.75,0
2019-12-06,1.6033333333333335,0.88,2.57,1004.5,86.375,7.416666666666667,0
2019-12-07,1.0216666666666667,-0.33,1.9,1003.4583333333334,81.375,5.458333333333333,4
2019-12-08,1.0712499999999998,-0.68,2.64,1000.2916666666666,85.58333333333333,6.375,4
2019-12-09,3.0658333333333334,1.95,4.33,1002.9166666666666,84.45833333333333,6.333333333333333,1
2019-12-10,3.2183333333333333,2.81,3.71,1010.75,97.95833333333333,4.333333333333333,1
2019-12-11,2.2479166666666663,0.48,3.4,1018.5,94.75,3.75,1
2019-12-12,1.6933333333333331,0.0,2.91,1022.25,91.75,3.6666666666666665,2
2019-12-13,0.9920833333333331,0.04,2.24,1016.8333333333334,82.375,4.5,7
2019-12-14,0.125,-1.07,0.85,1014.1666666666666,84.08333333333333,5.625,6
2019-12-15,0.25500000000000006,-1.04,1.76,1009.3333333333334,94.54166666666667,5.333333333333333,10
2019-12-16,1.9066666666666665,0.99,2.92,1006.4166666666666,94.375,5.0,3
2019-12-17,2.174166666666667,0.93,3.36,1010.9166666666666,94.625,5.416666666666667,5
2019-12-18,3.044000000000001,0.91,5.57,1009.16,97.96,4.16,3
2019-12-19,3.8283333333333345,2.11,5.93,1005.2916666666666,66.29166666666667,10.208333333333334,1
2019-12-20,0.1608333333333333,-1.24,1.98,1017.9166666666666,76.83333333333333,5.208333333333333,0
2019-12-21,1.3887500000000002,-1.0,2.91,1010.5,68.125,3.5416666666666665,0
2019-12-22,2.365,1.59,3.01,1004.75,94.875,4.166666666666667,1
2019-12-23,4.921304347826087,3.26,6.25,1003.304347826087,99.08695652173913,4.173913043478261,6
2019-12-24,4.5360000000000005,0.48,7.47,1008.48,97.24,3.4,6
2019-12-25,0.4608333333333335,0.13,0.73,1009.9583333333334,92.16666666666667,3.1666666666666665,0
2019-12-26,-0.13375,-0.93,0.48,1009.75,88.91666666666667,2.9583333333333335,4
2019-12-27,-0.7079166666666667,-1.35,-0.29,1009.7916666666666,94.04166666666667,3.125,1
2019-12-28,-1.348333333333333,-2.49,-0.06,1020.0833333333334,89.75,4.791666666666667,16
2019-12-29,-3.092916666666667,-3.81,-2.17,1029.2916666666667,86.875,3.8333333333333335,20
2019-12-30,-2.982916666666666,-4.07,-0.55,1013.4583333333334,88.0,7.833333333333333,8
2019-12-31,0.89,-0.62,2.11,993.0416666666666,94.45833333333333,6.791666666666667,9
2020-01-01,-0.8195652173913046,-3.81,2.11,1004.7391304347826,82.82608695652173,5.217391304347826,8
2020-01-02,0.27119999999999994,-1.75,1.82,1008.16,92.08,6.2,13
2020-01-03,1.3034782608695654,-0.48,2.02,1008.7826086956521,93.34782608695652,6.565217391304348,0
2020-01-04,-0.8251999999999998,-1.79,-0.15,1000.12,87.68,5.64,7
2020-01-05,0.30083333333333323,-0.73,1.28,1008.2083333333334,81.83333333333333,5.166666666666667,2
2020-01-06,-0.8913043478260871,-1.76,-0.23,1022.7826086956521,79.56521739130434,3.5652173913043477,10
2020-01-07,-1.456,-2.54,-0.34,1022.48,80.0,4.64,6
2020-01-08,0.5743478260869564,-0.47,1.44,1019.6521739130435,88.1304347826087,5.6521739130434785,5
2020-01-09,0.7324,-0.82,2.12,1010.36,90.48,5.8,8
2020-01-10,0.9979166666666665,0.0,1.63,1013.375,86.33333333333333,4.583333333333333,0
2020-01-11,-0.6495652173913044,-4.05,0.72,1013.7826086956521,92.30434782608695,2.5652173913043477,8
2020-01-12,-3.1872,-6.8,0.19,1012.72,86.96,5.36,4
2020-01-13,1.3825,-0.12,2.58,1003.9166666666666,91.0,5.3775,8
2020-01-14,0.2426086956521739,-1.44,1.64,1016.9130434782609,87.91304347826087,5.260869565217392,0
2020-01-15,1.0936,-0.52,2.53,1018.96,83.08,6.8,3
2020-01-16,2.2708333333333335,1.74,2.54,1015.8333333333334,88.91666666666667,7.708333333333333,2
2020-01-17,3.0204347826086955,2.07,4.34,1018.0869565217391,85.91304347826087,4.481739130434782,2
2020-01-18,0.8758333333333335,-2.15,2.46,1023.8333333333334,90.33333333333333,4.916666666666667,0
2020-01-19,-0.5879999999999999,-2.21,0.87,1024.04,91.08,5.6,3
2020-01-20,1.6134782608695655,0.7,2.79,1023.3478260869565,90.1304347826087,6.086956521739131,10
2020-01-21,2.1216000000000004,0.95,3.88,1006.92,94.16,7.64,12
2020-01-22,0.5469565217391303,-1.42,2.74,995.9130434782609,81.73913043478261,6.3478260869565215,6
2020-01-23,-3.9175,-6.44,-1.31,1003.5833333333334,74.79166666666667,5.666666666666667,12
2020-01-24,-2.415833333333333,-6.21,1.65,1003.2083333333334,90.25,5.416666666666667,12
2020-01-25,1.3332,-1.97,2.62,991.12,81.68,5.037999999999999,15
2020-01-26,-0.565,-1.29,1.13,1000.4583333333334,76.04166666666667,5.679166666666667,11
2020-01-27,-0.2569565217391304,-3.36,2.34,1010.5217391304348,76.6086956521739,5.217391304347826,4
2020-01-28,-4.371200000000001,-6.02,-1.38,1011.44,87.8,4.68,24
2020-01-29,-0.04208333333333328,-2.15,0.85,1006.9583333333334,97.91666666666667,3.3333333333333335,10
2020-01-30,-0.32333333333333336,-1.32,0.55,1000.0833333333334,97.66666666666667,5.625,21
2020-01-31,-0.2170833333333333,-1.12,0.59,998.3333333333334,91.875,2.797083333333333,22
2020-02-01,-0.8769565217391303,-2.54,0.31,1002.5217391304348,94.08695652173913,2.608695652173913,8
2020-02-02,0.3308,-2.63,2.95,991.92,95.32,4.84,13
2020-02-03,1.4165217391304348,0.14,2.56,982.6086956521739,94.0,5.913043478260869,8
2020-02-04,-1.7200000000000004,-3.17,-0.11,988.5,78.20833333333333,7.5,22
2020-02-05,-5.034800000000001,-8.37,-3.31,1003.6,75.28,5.52,13
2020-02-06,-5.417083333333333,-9.3,-1.6,999.625,81.20833333333333,6.083333333333333,14
2020-02-07,-9.204583333333332,-10.44,-8.09,1007.375,79.25,5.333333333333333,13
2020-02-08,-10.540833333333333,-15.3,-5.63,1019.125,77.58333333333333,2.4166666666666665,0
2020-02-09,-4.0841666666666665,-9.88,-0.93,1018.4583333333334,78.20833333333333,5.416666666666667,3
2020-02-10,-0.52,-1.87,2.68,1002.8333333333334,74.20833333333333,7.208333333333333,2
2020-02-11,-0.10250000000000009,-2.04,1.62,990.875,93.08333333333333,6.041666666666667,22
2020-02-12,0.40565217391304365,-2.35,1.9,997.2608695652174,92.47826086956522,4.869565217391305,14
2020-02-13,-2.2636000000000003,-3.23,-1.28,1004.48,83.96,3.12,7
2020-02-14,-0.004583333333333384,-1.84,2.27,1013.5416666666666,88.91666666666667,3.8333333333333335,11
2020-02-15,-0.71,-2.59,1.94,1023.9166666666666,84.875,3.0416666666666665,1
2020-02-16,-0.32739130434782593,-2.09,1.47,1022.6086956521739,80.65217391304348,5.826086956521739,0
2020-02-17,3.5800000000000005,1.46,5.35,1008.68,76.32,7.56,2
2020-02-18,4.438749999999999,3.07,5.78,1008.0,84.0,5.958333333333333,0
2020-02-19,3.1634782608695646,2.24,4.56,1007.2173913043479,85.82608695652173,6.173913043478261,3
2020-02-20,3.3908,1.33,6.99,1015.16,78.84,4.6,0
2020-02-21,2.7256521739130437,-1.26,8.05,1020.1739130434783,75.43478260869566,3.391304347826087,0
2020-02-22,2.4776000000000002,-0.86,6.57,1019.12,68.32,5.271599999999999,0
2020-02-23,1.4078260869565218,0.19,2.79,996.6521739130435,90.08695652173913,6.391304347826087,11
2020-02-24,2.0968,0.2,4.24,992.92,82.72,5.48,5
2020-02-25,-0.43749999999999983,-2.26,3.0,998.6666666666666,69.91666666666667,4.75,0
2020-02-26,-0.23791666666666664,-3.45,1.88,995.6666666666666,84.58333333333333,3.2083333333333335,7
2020-02-27,1.73125,0.83,3.38,994.1666666666666,98.125,3.4583333333333335,4
2020-02-28,0.8274999999999998,-0.7,3.1,996.0,80.66666666666667,5.375,0
2020-02-29,-0.6216666666666666,-2.68,1.07,1002.9166666666666,82.5,6.208333333333333,8
2020-03-01,1.4317391304347828,-3.1,5.14,1008.2608695652174,74.08695652173913,5.6521739130434785,1
2020-03-02,3.3583999999999996,2.24,5.43,1008.76,89.52,4.96,11
2020-03-03,3.3575,1.87,5.22,1010.875,89.41666666666667,3.9166666666666665,9
2020-03-04,4.232916666666665,2.34,7.27,1016.1666666666666,96.25,3.3333333333333335,0
2020-03-05,4.63375,2.29,7.96,1015.2083333333334,86.5,7.041666666666667,0
2020-03-06,5.14304347826087,3.88,6.46,1010.5217391304348,83.1304347826087,5.956521739130435,2
2020-03-07,7.3276,5.03,11.63,1011.48,82.6,3.9956,4
2020-03-08,6.683913043478261,3.43,8.15,1013.1739130434783,88.08695652173913,4.260869565217392,3
2020-03-09,6.2143999999999995,1.59,11.0,1018.32,72.84,2.1728,0
2020-03-10,6.28086956521739,4.41,8.87,1011.4782608695652,91.0,2.782608695652174,11
2020-03-11,6.136249999999998,4.62,7.47,1000.375,96.5,3.0833333333333335,5
2020-03-12,6.149583333333333,4.26,9.3,993.7916666666666,77.33333333333333,7.166666666666667,8
2020-03-13,5.060833333333332,3.33,7.22,989.6666666666666,80.375,10.125,9
2020-03-14,3.0992000000000006,-4.72,8.07,998.28,79.32,5.84,8
2020-03-15,-4.372083333333333,-7.03,-2.62,1011.8333333333334,79.5,4.791666666666667,8
2020-03-16,-0.728333333333333,-7.91,5.0,1020.75,57.791666666666664,5.333333333333333,0
2020-03-17,4.158333333333333,0.06,9.0,1020.0416666666666,48.375,3.5416666666666665,0
2020-03-18,5.565833333333334,1.06,10.0,1019.8333333333334,59.0,6.791666666666667,1
2020-03-19,8.291666666666666,4.01,10.8,1008.6666666666666,50.958333333333336,7.0,2
2020-03-20,3.098333333333334,0.45,5.49,1012.2916666666666,66.75,4.583333333333333,8
2020-03-21,-0.3933333333333333,-3.0,1.11,1018.5833333333334,61.5,4.416666666666667,3
2020-03-22,-2.6352173913043475,-5.61,0.2,1030.4347826086957,45.608695652173914,4.956521739130435,0
2020-03-23,-2.055416666666667,-5.96,0.99,1035.8333333333333,48.75,4.958333333333333,0
2020-03-24,-0.7816000000000004,-5.04,4.0,1033.36,41.08,4.44,0
2020-03-25,3.608695652173913,-4.0,12.0,1031.608695652174,36.17391304347826,5.6521739130434785,0
2020-03-26,7.25,0.0,15.0,1031.2916666666667,28.666666666666668,4.166666666666667,0
2020-03-27,7.74125,0.0,16.0,1032.125,43.25,1.7716666666666665,0
2020-03-28,9.9932,1.73,17.27,1021.88,43.24,2.5356,0
2020-03-29,10.685,5.2,16.0,1008.625,41.875,3.3408333333333338,0
2020-03-30,0.3895833333333332,-2.62,5.87,1007.9583333333334,86.33333333333333,6.0,10
2020-03-31,-3.3674999999999997,-5.18,-1.9,1011.375,67.66666666666667,5.375,16
2020-04-01,-1.7408695652173913,-8.04,3.12,1005.1739130434783,60.52173913043478,6.391304347826087,7
2020-04-02,2.7364000000000006,1.04,4.49,1001.28,82.68,6.8,9
2020-04-03,6.5643478260869585,3.19,10.39,1002.0869565217391,56.82608695652174,6.761304347826086,5
2020-04-04,4.800416666666666,0.9,7.74,1010.9583333333334,51.75,5.041666666666667,1
2020-04-05,1.4383333333333332,-1.54,4.39,1021.4583333333334,57.958333333333336,4.625,3
2020-04-06,0.9576000000000002,-2.6,4.16,1029.32,45.72,4.48,3
2020-04-07,3.8991304347826086,-4.0,11.0,1031.1304347826087,48.73913043478261,3.391304347826087,0
2020-04-08,8.510833333333332,4.76,12.26,1016.0416666666666,57.625,4.583333333333333,10
2020-04-09,8.95,0.02,15.0,1012.88,51.92,4.8,2
2020-04-10,6.9860869565217385,2.64,10.0,1008.1739130434783,64.47826086956522,5.260869565217392,12
2020-04-11,1.6303999999999998,-2.21,5.33,1014.28,67.52,4.32,8
2020-04-12,2.404166666666667,-2.9,7.36,1018.4583333333334,55.208333333333336,3.2083333333333335,0
2020-04-13,8.960869565217392,2.26,15.0,1007.2608695652174,27.869565217391305,4.913043478260869,0
2020-04-14,7.225416666666668,3.65,10.98,1000.6666666666666,62.0,4.375,7
2020-04-15,2.597916666666667,0.75,5.05,999.9166666666666,70.33333333333333,4.166666666666667,5
2020-04-16,3.3329166666666663,0.83,6.8,991.2083333333334,90.33333333333333,5.625,13
2020-04-17,3.176666666666666,0.55,5.63,994.9583333333334,77.125,5.833333333333333,9
2020-04-18,1.9747999999999999,-1.0,6.0,1003.0,83.28,5.12,4
2020-04-19,3.0620833333333337,1.0,5.54,1009.5,84.375,2.9166666666666665,4
2020-04-20,3.6925000000000003,0.0,8.0,1015.7916666666666,74.66666666666667,3.4166666666666665,2
2020-04-21,5.416666666666667,0.0,10.0,1016.875,54.625,6.125,0
2020-04-22,5.208333333333333,2.0,7.0,1012.0833333333334,38.541666666666664,7.416666666666667,1
2020-04-23,5.565217391304348,1.0,10.0,1008.6086956521739,30.0,5.826086956521739,5
2020-04-24,3.8333333333333335,-2.0,8.0,1001.9166666666666,64.375,3.375,3
2020-04-25,5.583333333333333,3.0,9.0,995.875,79.20833333333333,3.4583333333333335,5
2020-04-26,4.84,-1.0,10.0,1001.0,50.6,2.44,0
2020-04-27,6.043478260869565,-1.0,10.0,1003.4347826086956,44.608695652173914,2.302608695652174,6
2020-04-28,6.041666666666667,2.0,10.0,1007.0,52.333333333333336,4.25,1
2020-04-29,9.4,5.0,13.0,998.72,50.6,6.84,8
2020-04-30,5.041666666666667,1.0,8.0,1010.0,56.791666666666664,3.75,0
2020-05-01,7.608695652173913,3.0,12.0,1014.4782608695652,45.47826086956522,4.0,0
2020-05-02,9.68,1.0,16.0,1015.04,45.2,4.72,0
2020-05-03,15.695652173913043,10.0,24.0,1011.7826086956521,54.95652173913044,4.391304347826087,6
2020-05-04,13.958333333333334,11.0,17.0,1013.375,86.58333333333333,2.831666666666667,15
2020-05-05,16.0,12.0,22.0,1009.5416666666666,80.08333333333333,3.3333333333333335,13
2020-05-06,15.31578947368421,13.0,20.0,1003.0,88.47368421052632,3.0,5
2020-05-07,14.125,11.0,19.0,1000.9166666666666,80.66666666666667,4.291666666666667,3
2020-05-08,9.91304347826087,7.0,12.0,1009.2173913043479,84.95652173913044,3.0869565217391304,2
2020-05-09,11.6,8.0,15.0,1009.84,66.8,3.6,1
2020-05-10,13.541666666666666,11.0,16.0,1005.6666666666666,51.666666666666664,5.041666666666667,5
2020-05-11,15.608695652173912,8.0,20.0,1005.5652173913044,36.391304347826086,3.217391304347826,0
2020-05-12,18.4,13.0,24.0,995.8,51.08,5.64,8
2020-05-13,7.043478260869565,2.0,12.0,1005.7391304347826,56.91304347826087,7.217391304347826,6
2020-05-14,10.291666666666666,6.0,15.0,1009.6666666666666,45.458333333333336,4.916666666666667,1
2020-05-15,8.75,5.0,11.0,1008.4166666666666,51.958333333333336,4.166666666666667,2
2020-05-16,9.08,5.0,13.0,1009.24,56.56,4.12,6
2020-05-17,9.26086956521739,6.0,14.0,1009.2173913043479,67.0,6.521739130434782,5
2020-05-18,7.36,4.0,12.0,1004.12,77.28,5.76,5
2020-05-19,7.125,3.0,11.0,1008.8333333333334,72.0,5.208333333333333,1
2020-05-20,8.0,1.0,14.0,1006.25,67.54166666666667,2.5833333333333335,4
2020-05-21,5.458333333333333,4.0,8.0,1006.9583333333334,86.16666666666667,4.458333333333333,10
2020-05-22,6.217391304347826,4.0,8.0,1011.304347826087,87.08695652173913,4.217391304347826,6
2020-05-23,6.125,4.0,9.0,1017.875,88.75,2.7916666666666665,16
2020-05-24,7.458333333333333,5.0,10.0,1017.7916666666666,86.875,2.5,7
2020-05-25,12.28,7.0,18.0,1021.16,68.24,2.24,10
2020-05-26,14.375,7.0,19.0,1026.8333333333333,58.625,2.13125,2
2020-05-27,13.833333333333334,10.0,17.0,1023.5833333333334,68.5,2.095,10
2020-05-28,16.565217391304348,10.0,21.0,1022.0869565217391,52.869565217391305,3.130434782608696,3
2020-05-29,13.48,12.0,17.0,1017.4,91.16,3.6824,15
2020-05-30,16.608695652173914,13.0,22.0,1012.304347826087,85.26086956521739,6.521739130434782,3
2020-05-31,11.12,8.0,15.0,1010.88,90.48,6.08,20
2020-06-01,9.608695652173912,8.0,12.0,1012.7826086956521,89.1304347826087,6.0,9
2020-06-02,9.916666666666666,9.0,10.0,1014.25,81.45833333333333,7.208333333333333,5
2020-06-03,11.36,9.0,14.0,1010.28,98.32,5.24,7
2020-06-04,14.583333333333334,12.0,19.0,1002.4166666666666,89.375,3.5416666666666665,11
2020-06-05,13.5,10.0,18.0,1008.625,84.54166666666667,3.3333333333333335,6
2020-06-06,16.583333333333332,12.0,21.0,1012.0,76.58333333333333,2.625,4
2020-06-07,21.391304347826086,16.0,27.0,1015.5652173913044,74.8695652173913,2.217391304347826,2
2020-06-08,23.0,16.0,29.0,1017.25,66.66666666666667,3.0833333333333335,3
2020-06-09,23.64,18.0,28.0,1018.16,65.84,3.28,3
2020-06-10,21.347826086956523,17.0,27.0,1018.2173913043479,69.78260869565217,3.1739130434782608,10
2020-06-11,22.458333333333332,15.0,29.0,1016.625,67.375,3.112083333333333,2
2020-06-12,18.956666666666667,15.0,22.0,1016.0416666666666,82.20833333333333,4.916666666666667,13
2020-06-13,14.169583333333335,11.0,18.0,1019.25,76.79166666666667,6.416666666666667,7
2020-06-14,16.5475,11.0,21.33,1022.2916666666666,54.458333333333336,6.416666666666667,0
2020-06-15,18.5,12.0,23.0,1021.7083333333334,53.5,4.75,2
2020-06-16,22.0,15.0,29.0,1018.04,57.36,2.92,8
2020-06-17,24.541666666666668,18.0,30.0,1017.0416666666666,50.458333333333336,2.5833333333333335,1
2020-06-18,23.125,18.0,29.0,1016.8333333333334,65.91666666666667,2.388333333333333,4
2020-06-19,24.416666666666668,19.0,29.0,1015.5833333333334,62.041666666666664,3.0,8
2020-06-20,22.956521739130434,19.0,28.0,1014.3478260869565,61.08695652173913,4.0,3
2020-06-21,15.16,12.0,19.0,1017.36,69.48,5.2,6
2020-06-22,17.166666666666668,9.0,22.0,1017.5416666666666,54.625,3.0833333333333335,0
2020-06-23,19.08695652173913,13.0,23.0,1016.7391304347826,55.43478260869565,2.4347826086956523,0
2020-06-24,20.25,14.0,25.0,1020.5,48.291666666666664,3.8333333333333335,1
2020-06-25,20.041666666666668,12.0,28.0,1023.7916666666666,53.625,4.291666666666667,4
2020-06-26,21.12,16.0,26.0,1024.04,61.48,2.88,0
2020-06-27,23.608695652173914,17.0,28.0,1015.8260869565217,52.869565217391305,5.6521739130434785,2
2020-06-28,21.583333333333332,17.0,28.0,1009.7083333333334,59.166666666666664,2.7083333333333335,4
2020-06-29,16.875,13.0,20.0,1010.75,54.291666666666664,4.375,0
2020-06-30,17.76,11.0,23.0,1009.04,52.2,4.56,3
2020-07-01,19.217391304347824,16.0,24.0,1006.8695652173913,64.78260869565217,4.826086956521739,7
2020-07-02,18.75,14.0,24.0,1010.6666666666666,75.375,3.625,10
2020-07-03,20.04,17.0,26.0,1012.48,78.96,3.04,9
2020-07-04,20.82608695652174,17.0,23.0,1012.5652173913044,79.30434782608695,2.6034782608695655,5
2020-07-05,21.0,16.0,25.0,1011.2916666666666,71.625,2.7687500000000003,2
2020-07-06,22.76,17.0,27.0,1009.68,64.04,3.32,2
2020-07-07,23.17391304347826,18.0,30.0,1007.4782608695652,64.95652173913044,3.782608695652174,4
2020-07-08,20.0,15.0,26.0,1004.125,81.58333333333333,4.041666666666667,7
2020-07-09,15.375,13.0,20.0,1011.0416666666666,77.25,4.416666666666667,9
2020-07-10,16.8,11.0,22.0,1018.6,58.72,3.08,0
2020-07-11,21.208333333333332,16.0,27.0,1017.75,57.666666666666664,4.708333333333333,2
2020-07-12,19.91304347826087,15.0,28.0,1015.5217391304348,77.26086956521739,3.347826086956522,4
2020-07-13,17.25,13.0,24.0,1011.2083333333334,79.75,3.25,1
2020-07-14,15.958333333333334,15.0,18.0,1007.7916666666666,85.54166666666667,5.666666666666667,9
2020-07-15,17.291666666666668,15.0,21.0,1000.3333333333334,80.0,4.666666666666667,11
2020-07-16,15.208333333333334,14.0,16.0,1003.8333333333334,85.125,5.208333333333333,12
2020-07-17,15.041666666666666,14.0,18.0,1011.8333333333334,82.25,4.125,5
2020-07-18,15.88,14.0,18.0,1017.4,79.84,3.04,0
2020-07-19,17.541666666666668,15.0,22.0,1016.625,75.08333333333333,2.75,4
2020-07-20,18.47826086956522,14.0,24.0,1012.4782608695652,71.91304347826087,2.7226086956521742,0
2020-07-21,17.416666666666668,15.0,21.0,1006.75,81.5,3.625,11
2020-07-22,16.708333333333332,15.0,20.0,1004.2916666666666,77.875,4.875,4
2020-07-23,14.28,11.0,18.0,1007.8,70.92,4.88,2
2020-07-24,13.391304347826088,10.0,18.0,1012.1739130434783,71.30434782608695,2.652173913043478,6
2020-07-25,16.208333333333332,9.0,21.0,1017.2083333333334,59.666666666666664,2.8341666666666665,0
2020-07-26,17.88,13.0,22.0,1018.72,63.32,2.76,3
2020-07-27,18.304347826086957,15.0,23.0,1019.7826086956521,74.95652173913044,2.4347826086956523,10
2020-07-28,21.8,15.0,27.0,1017.92,63.92,3.248,1
2020-07-29,22.0,18.0,28.0,1013.1666666666666,66.54166666666667,3.9583333333333335,13
2020-07-30,18.25,12.0,22.0,1010.375,67.79166666666667,5.666666666666667,5
2020-07-31,14.833333333333334,11.0,19.0,1006.7916666666666,73.875,4.5,1
2020-08-01,15.869565217391305,13.0,21.0,1004.304347826087,75.56521739130434,2.4347826086956523,3
2020-08-02,16.333333333333332,14.0,20.0,1008.5,65.375,4.375,1
2020-08-03,16.916666666666668,11.0,22.0,1014.7083333333334,65.625,3.2083333333333335,0
2020-08-04,19.2,13.0,24.0,1018.32,56.84,2.6,0
2020-08-05,20.958333333333332,15.0,26.0,1019.8333333333334,56.458333333333336,2.7916666666666665,0
2020-08-06,21.347826086956523,16.0,27.0,1021.695652173913,63.30434782608695,3.507826086956522,1
2020-08-07,20.0,15.0,25.0,1024.75,58.958333333333336,3.25,1
2020-08-08,19.4,14.0,24.0,1021.8,67.56,3.08,2
2020-08-09,19.5,15.0,24.0,1016.6666666666666,64.20833333333333,3.7083333333333335,0
2020-08-10,19.565217391304348,12.0,27.0,1014.9565217391304,65.82608695652173,2.5386956521739132,5
2020-08-11,16.44,13.0,18.0,1013.44,70.44,4.2,0
2020-08-12,13.666666666666666,11.0,17.0,1012.4583333333334,80.79166666666667,3.9166666666666665,7
2020-08-13,12.25,12.0,13.0,1012.125,87.75,5.0,0
